Ranking,Site,Link
1,en.wikipedia.org,https://en.wikipedia.org/wiki/Data_science
2,ibm.com,https://ibm.com/think/topics/data-science
3,w3schools.com,https://w3schools.com/datascience/
4,aws.amazon.com,https://aws.amazon.com/what-is/data-science/
5,coursera.org,https://coursera.org/browse/data-science
6,ischoolonline.berkeley.edu,https://ischoolonline.berkeley.edu/data-science/what-is-data-science/
7,pll.harvard.edu,https://pll.harvard.edu/subject/data-science
8,builtin.com,https://builtin.com/data-science
9,r4ds.had.co.nz,https://r4ds.had.co.nz/
10,codecademy.com,https://codecademy.com/catalog/subject/data-science
11,investopedia.com,https://investopedia.com/terms/d/data-science.asp
12,edx.org,https://edx.org/learn/data-science
13,nationalcareers.service.gov.uk,https://nationalcareers.service.gov.uk/job-profiles/data-scientist
14,udemy.com,https://udemy.com/topic/data-science/?srsltid=AfmBOoo-jhuB2jlSGG6UTrBs-J7tyVzmCir9ukUE_I5YklodfKH17sfc
15,seas.harvard.edu,https://seas.harvard.edu/news/what-data-science-definition-skills-applications-more
16,coursera.org,https://coursera.org/articles/what-is-a-data-scientist
17,datasciencecentral.com,https://datasciencecentral.com/
18,365datascience.com,https://365datascience.com/
19,bls.gov,https://bls.gov/ooh/math/data-scientists.htm
20,techtarget.com,https://techtarget.com/searchenterpriseai/definition/data-science
21,reddit.com,https://reddit.com/r/datascience/
22,datacamp.com,https://datacamp.com/
23,epjdatascience.springeropen.com,https://epjdatascience.springeropen.com/
24,youtube.com,https://youtube.com/watch?v=9R3X0JoCLyU
25,link.springer.com,https://link.springer.com/journal/41060
26,kaggle.com,https://kaggle.com/
27,developers.googleblog.com,https://developers.googleblog.com/en/data-science-agent-in-colab-with-gemini/
28,towardsdatascience.com,https://towardsdatascience.com/
29,alxafrica.com,https://alxafrica.com/programme/data-science/
30,datascience.codata.org,https://datascience.codata.org/
31,r4ds.hadley.nz,https://r4ds.hadley.nz/
32,databricks.com,https://databricks.com/product/data-science
33,w3schools.com,https://w3schools.com/datascience/ds_introduction.asp
34,kdnuggets.com,https://kdnuggets.com/
35,nu.edu,https://nu.edu/blog/what-is-data-science/
36,datascience.columbia.edu,https://datascience.columbia.edu/education/programs/m-s-in-data-science/
37,sas.com,https://sas.com/en_us/insights/analytics/what-is-a-data-scientist.html
38,datascience.nih.gov,https://datascience.nih.gov/
39,prospects.ac.uk,https://prospects.ac.uk/job-profiles/data-scientist
40,ischool.syracuse.edu,https://ischool.syracuse.edu/what-is-data-science/
41,udacity.com,https://udacity.com/school/data-science
42,learn.microsoft.com,https://learn.microsoft.com/en-us/credentials/certifications/azure-data-scientist/
43,mastersindatascience.org,https://mastersindatascience.org/careers/data-scientist/
44,youtube.com,https://youtube.com/watch?v=KgWM-qt-sow
45,datascience.virginia.edu,https://datascience.virginia.edu/
46,emeritus.org,https://emeritus.org/sg/blog/what-is-data-science/
47,cds.nyu.edu,https://cds.nyu.edu/
48,hackr.io,https://hackr.io/blog/what-is-data-science
49,hdsr.mitpress.mit.edu,https://hdsr.mitpress.mit.edu/
50,datasciencedojo.com,https://datasciencedojo.com/
51,hbr.org,https://hbr.org/2018/08/what-data-scientists-really-do-according-to-35-data-scientists
52,datascience.columbia.edu,https://datascience.columbia.edu/
53,codecademy.com,https://codecademy.com/learn/paths/data-science
54,youtube.com,https://youtube.com/watch?v=RBSUwFGa6Fk
55,datascience.ch,https://datascience.ch/
56,simple.wikipedia.org,https://simple.wikipedia.org/wiki/Data_science
57,datasciencenigeria.org,https://datasciencenigeria.org/
58,cloud.google.com,https://cloud.google.com/blog/products/data-analytics/data-analytics-innovations-at-next25
59,edx.org,https://edx.org/learn/machine-learning/harvard-university-data-science-machine-learning
60,pwskills.com,https://pwskills.com/blog/deloitte-data-science-internship-2025/
61,skillsbuild.org,https://skillsbuild.org/students/course-catalog/data-science
62,geeksforgeeks.org,https://geeksforgeeks.org/data-science/
63,superdatascience.com,https://superdatascience.com/
64,dataquest.io,https://dataquest.io/
65,netacad.com,https://netacad.com/courses/introduction-data-science
66,learn.microsoft.com,https://learn.microsoft.com/en-us/training/career-paths/data-scientist
67,mygreatlearning.com,https://mygreatlearning.com/data-science/courses
68,springboard.com,https://springboard.com/courses/data-science-career-track/
69,scaler.com,https://scaler.com/data-science-course/
70,odinschool.com,https://odinschool.com/data-science-course
71,simplilearn.com,https://simplilearn.com/tutorials/data-science-tutorial/what-is-data-science
72,life-global.org,https://life-global.org/course/344-data-science-and-analytics
73,kaggle.com,https://kaggle.com/learn
74,tripleten.com,https://tripleten.com/data-science/
75,udemy.com,https://udemy.com/course/the-data-science-course-complete-data-science-bootcamp/?srsltid=AfmBOorNaqR92r55HGi0GsPm-4fDETNsc9l006hZKbB9Ob8Yi3nVsFJg
76,simplilearn.com,https://simplilearn.com/big-data-and-analytics/senior-data-scientist-masters-program-training
77,cognitiveclass.ai,https://cognitiveclass.ai/courses/python-for-data-science
78,intellipaat.com,https://intellipaat.com/data-scientist-course-training/
79,youtube.com,https://youtube.com/watch?v=dAkZTYgPBsw
80,aseandse.org,https://aseandse.org/
81,github.com,https://github.com/drivendataorg/cookiecutter-data-science
82,oracle.com,https://oracle.com/what-is-data-science/
83,mtu.edu,https://mtu.edu/data-science/what-is/
84,wgu.edu,https://wgu.edu/online-it-degrees/data-analytics-masters-program.html
85,datascienceacademy.com.br,https://datascienceacademy.com.br/
86,iconnect.isenberg.umass.edu,https://iconnect.isenberg.umass.edu/blog/2024/06/27/what-is-data-science/
87,jakevdp.github.io,https://jakevdp.github.io/PythonDataScienceHandbook/
88,corsi.unitn.it,http://corsi.unitn.it/en/data-science
89,engineeringonline.ucr.edu,https://engineeringonline.ucr.edu/blog/what-is-data-science/
90,x.com,https://x.com/JMateosGarcia/status/1912396259039510948
91,globaltechcouncil.org,https://globaltechcouncil.org/data-science/what-is-data-science/
92,lifeatspotify.com,https://lifeatspotify.com/jobs/data-scientist-i-podcast
93,careers.jnj.com,https://careers.jnj.com/en/jobs/r-009370/senior-data-scientist/
94,techtarget.com,https://techtarget.com/searchenterpriseai/definition/data-scientist
95,capitalonecareers.com,https://capitalonecareers.com/job/plano/principal-associate-data-science-financial-services/1732/80078353968
96,datascientest.com,https://datascientest.com/en/data-science-definition
97,jobs.lever.co,https://jobs.lever.co/wealthsimple/e7177591-2935-4e5a-acd3-68a4f564b61c
98,globenewswire.com,https://globenewswire.com/news-release/2025/04/14/3061100/0/en/Data-Science-and-Machine-Learning-Platforms-DSML-Market-Disruptions-Riding-a-High-Growth-Wave-Through-2030-at-CAGR-24-81.html
99,m.youtube.com,https://m.youtube.com/watch?v=FsSrzmRawUg&pp=ygUQI2RhdGFzY2llbmNlYXRveg%3D%3D
100,nature.com,https://nature.com/articles/s41597-025-04938-5
